{"cameraMode":{"drawMode":0,"name":"Shaded","section":"Shading Mode"},"sceneLighting":true,"audioPlay":false,"sceneViewState":{"m_AlwaysRefresh":false,"showFog":true,"showSkybox":true,"showFlares":true,"showImageEffects":true,"showParticleSystems":true,"showVisualEffectGraphs":true,"m_FxEnabled":true},"in2DMode":false,"pivot":{"x":-19.909154891967775,"y":-7.811990737915039,"z":-8.59886360168457},"rotation":{"x":0.004491512198001146,"y":-0.9574178457260132,"z":0.2883151173591614,"w":0.014929556287825108},"size":14.644585609436036,"orthographic":false}